features,tol,C,solver,f1_micro,f1_macro,mcc
nazyrovaclinicalBERT,0.0001,2.0,saga,0.6875621890547263,0.6096479075336705,0.23746357372287788
