features,tol,C,solver,f1_micro,f1_macro,mcc
nazyrovaclinicalBERT,0.0001,2.0,saga,0.7233830845771144,0.6752245843097868,0.3534775356691728
