features,tol,C,solver,f1_micro,f1_macro,mcc
nazyrovaclinicalBERT,0.0001,20.0,saga,0.6716417910447762,0.6087261212624585,0.22264487760024548
nazyrovaclinicalBERT,0.0001,50.0,saga,0.6686567164179105,0.608482327217594,0.22061905869219778
